O_.POETSHardwareOneBox.ocfg.LoneBox.B20.M10,O_.POETSHardwareOneBox.ocfg.LoneBox.B10.M30,9
O_.POETSHardwareOneBox.ocfg.LoneBox.B20.M10,O_.POETSHardwareOneBox.ocfg.LoneBox.B10.M23,3
O_.POETSHardwareOneBox.ocfg.LoneBox.B20.M10,O_.POETSHardwareOneBox.ocfg.LoneBox.B20.M00,15
O_.POETSHardwareOneBox.ocfg.LoneBox.B20.M10,O_.POETSHardwareOneBox.ocfg.LoneBox.B20.M20,24
O_.POETSHardwareOneBox.ocfg.LoneBox.B20.M10,O_.POETSHardwareOneBox.ocfg.LoneBox.B20.M11,9
O_.POETSHardwareOneBox.ocfg.LoneBox.B00.M00,O_.POETSHardwareOneBox.ocfg.LoneBox.B00.M10,15
O_.POETSHardwareOneBox.ocfg.LoneBox.B00.M00,O_.POETSHardwareOneBox.ocfg.LoneBox.B00.M01,12
O_.POETSHardwareOneBox.ocfg.LoneBox.B00.M00,O_.POETSHardwareOneBox.ocfg.LoneBox.B10.M00,111
O_.POETSHardwareOneBox.ocfg.LoneBox.B00.M00,O_.POETSHardwareOneBox.ocfg.LoneBox.B01.M00,14
O_.POETSHardwareOneBox.ocfg.LoneBox.B00.M00,O_.POETSHardwareOneBox.ocfg.LoneBox.B01.M10,12
O_.POETSHardwareOneBox.ocfg.LoneBox.B00.M00,O_.POETSHardwareOneBox.ocfg.LoneBox.B01.M20,3
O_.POETSHardwareOneBox.ocfg.LoneBox.B00.M00,O_.POETSHardwareOneBox.ocfg.LoneBox.B01.M01,12
O_.POETSHardwareOneBox.ocfg.LoneBox.B00.M00,O_.POETSHardwareOneBox.ocfg.LoneBox.B01.M11,12
O_.POETSHardwareOneBox.ocfg.LoneBox.B00.M00,O_.POETSHardwareOneBox.ocfg.LoneBox.B01.M02,12
O_.POETSHardwareOneBox.ocfg.LoneBox.B00.M00,O_.POETSHardwareOneBox.ocfg.LoneBox.B01.M12,12
O_.POETSHardwareOneBox.ocfg.LoneBox.B00.M00,O_.POETSHardwareOneBox.ocfg.LoneBox.B01.M03,12
O_.POETSHardwareOneBox.ocfg.LoneBox.B00.M00,O_.POETSHardwareOneBox.ocfg.LoneBox.B01.M13,12
O_.POETSHardwareOneBox.ocfg.LoneBox.B00.M10,O_.POETSHardwareOneBox.ocfg.LoneBox.B00.M00,15
O_.POETSHardwareOneBox.ocfg.LoneBox.B00.M10,O_.POETSHardwareOneBox.ocfg.LoneBox.B00.M20,23
O_.POETSHardwareOneBox.ocfg.LoneBox.B00.M10,O_.POETSHardwareOneBox.ocfg.LoneBox.B00.M11,8
O_.POETSHardwareOneBox.ocfg.LoneBox.B00.M10,O_.POETSHardwareOneBox.ocfg.LoneBox.B10.M00,8
O_.POETSHardwareOneBox.ocfg.LoneBox.B00.M20,O_.POETSHardwareOneBox.ocfg.LoneBox.B00.M10,23
O_.POETSHardwareOneBox.ocfg.LoneBox.B00.M20,O_.POETSHardwareOneBox.ocfg.LoneBox.B00.M30,15
O_.POETSHardwareOneBox.ocfg.LoneBox.B00.M20,O_.POETSHardwareOneBox.ocfg.LoneBox.B00.M21,6
O_.POETSHardwareOneBox.ocfg.LoneBox.B00.M20,O_.POETSHardwareOneBox.ocfg.LoneBox.B10.M00,11
O_.POETSHardwareOneBox.ocfg.LoneBox.B00.M20,O_.POETSHardwareOneBox.ocfg.LoneBox.B10.M01,3
O_.POETSHardwareOneBox.ocfg.LoneBox.B00.M30,O_.POETSHardwareOneBox.ocfg.LoneBox.B00.M20,15
O_.POETSHardwareOneBox.ocfg.LoneBox.B00.M30,O_.POETSHardwareOneBox.ocfg.LoneBox.B00.M31,3
O_.POETSHardwareOneBox.ocfg.LoneBox.B00.M30,O_.POETSHardwareOneBox.ocfg.LoneBox.B10.M10,9
O_.POETSHardwareOneBox.ocfg.LoneBox.B00.M30,O_.POETSHardwareOneBox.ocfg.LoneBox.B10.M11,3
O_.POETSHardwareOneBox.ocfg.LoneBox.B00.M01,O_.POETSHardwareOneBox.ocfg.LoneBox.B00.M00,12
O_.POETSHardwareOneBox.ocfg.LoneBox.B00.M01,O_.POETSHardwareOneBox.ocfg.LoneBox.B00.M11,12
O_.POETSHardwareOneBox.ocfg.LoneBox.B00.M01,O_.POETSHardwareOneBox.ocfg.LoneBox.B00.M02,12
O_.POETSHardwareOneBox.ocfg.LoneBox.B00.M01,O_.POETSHardwareOneBox.ocfg.LoneBox.B10.M00,8
O_.POETSHardwareOneBox.ocfg.LoneBox.B00.M11,O_.POETSHardwareOneBox.ocfg.LoneBox.B00.M10,8
O_.POETSHardwareOneBox.ocfg.LoneBox.B00.M11,O_.POETSHardwareOneBox.ocfg.LoneBox.B00.M01,12
O_.POETSHardwareOneBox.ocfg.LoneBox.B00.M11,O_.POETSHardwareOneBox.ocfg.LoneBox.B00.M21,24
O_.POETSHardwareOneBox.ocfg.LoneBox.B00.M11,O_.POETSHardwareOneBox.ocfg.LoneBox.B00.M12,8
O_.POETSHardwareOneBox.ocfg.LoneBox.B00.M11,O_.POETSHardwareOneBox.ocfg.LoneBox.B10.M00,8
O_.POETSHardwareOneBox.ocfg.LoneBox.B00.M21,O_.POETSHardwareOneBox.ocfg.LoneBox.B00.M20,6
O_.POETSHardwareOneBox.ocfg.LoneBox.B00.M21,O_.POETSHardwareOneBox.ocfg.LoneBox.B00.M11,24
O_.POETSHardwareOneBox.ocfg.LoneBox.B00.M21,O_.POETSHardwareOneBox.ocfg.LoneBox.B00.M31,12
O_.POETSHardwareOneBox.ocfg.LoneBox.B00.M21,O_.POETSHardwareOneBox.ocfg.LoneBox.B00.M22,6
O_.POETSHardwareOneBox.ocfg.LoneBox.B00.M21,O_.POETSHardwareOneBox.ocfg.LoneBox.B10.M01,9
O_.POETSHardwareOneBox.ocfg.LoneBox.B00.M21,O_.POETSHardwareOneBox.ocfg.LoneBox.B10.M02,3
O_.POETSHardwareOneBox.ocfg.LoneBox.B00.M31,O_.POETSHardwareOneBox.ocfg.LoneBox.B00.M30,3
O_.POETSHardwareOneBox.ocfg.LoneBox.B00.M31,O_.POETSHardwareOneBox.ocfg.LoneBox.B00.M21,12
O_.POETSHardwareOneBox.ocfg.LoneBox.B00.M31,O_.POETSHardwareOneBox.ocfg.LoneBox.B00.M32,3
O_.POETSHardwareOneBox.ocfg.LoneBox.B00.M31,O_.POETSHardwareOneBox.ocfg.LoneBox.B10.M11,9
O_.POETSHardwareOneBox.ocfg.LoneBox.B00.M31,O_.POETSHardwareOneBox.ocfg.LoneBox.B10.M12,3
O_.POETSHardwareOneBox.ocfg.LoneBox.B00.M02,O_.POETSHardwareOneBox.ocfg.LoneBox.B00.M01,12
O_.POETSHardwareOneBox.ocfg.LoneBox.B00.M02,O_.POETSHardwareOneBox.ocfg.LoneBox.B00.M12,12
O_.POETSHardwareOneBox.ocfg.LoneBox.B00.M02,O_.POETSHardwareOneBox.ocfg.LoneBox.B00.M03,12
O_.POETSHardwareOneBox.ocfg.LoneBox.B00.M02,O_.POETSHardwareOneBox.ocfg.LoneBox.B10.M00,8
O_.POETSHardwareOneBox.ocfg.LoneBox.B00.M12,O_.POETSHardwareOneBox.ocfg.LoneBox.B00.M11,8
O_.POETSHardwareOneBox.ocfg.LoneBox.B00.M12,O_.POETSHardwareOneBox.ocfg.LoneBox.B00.M02,12
O_.POETSHardwareOneBox.ocfg.LoneBox.B00.M12,O_.POETSHardwareOneBox.ocfg.LoneBox.B00.M22,24
O_.POETSHardwareOneBox.ocfg.LoneBox.B00.M12,O_.POETSHardwareOneBox.ocfg.LoneBox.B00.M13,8
O_.POETSHardwareOneBox.ocfg.LoneBox.B00.M12,O_.POETSHardwareOneBox.ocfg.LoneBox.B10.M00,8
O_.POETSHardwareOneBox.ocfg.LoneBox.B00.M22,O_.POETSHardwareOneBox.ocfg.LoneBox.B00.M21,6
O_.POETSHardwareOneBox.ocfg.LoneBox.B00.M22,O_.POETSHardwareOneBox.ocfg.LoneBox.B00.M12,24
O_.POETSHardwareOneBox.ocfg.LoneBox.B00.M22,O_.POETSHardwareOneBox.ocfg.LoneBox.B00.M32,12
O_.POETSHardwareOneBox.ocfg.LoneBox.B00.M22,O_.POETSHardwareOneBox.ocfg.LoneBox.B00.M23,6
O_.POETSHardwareOneBox.ocfg.LoneBox.B00.M22,O_.POETSHardwareOneBox.ocfg.LoneBox.B10.M02,9
O_.POETSHardwareOneBox.ocfg.LoneBox.B00.M22,O_.POETSHardwareOneBox.ocfg.LoneBox.B10.M03,3
O_.POETSHardwareOneBox.ocfg.LoneBox.B00.M32,O_.POETSHardwareOneBox.ocfg.LoneBox.B00.M31,3
O_.POETSHardwareOneBox.ocfg.LoneBox.B00.M32,O_.POETSHardwareOneBox.ocfg.LoneBox.B00.M22,12
O_.POETSHardwareOneBox.ocfg.LoneBox.B00.M32,O_.POETSHardwareOneBox.ocfg.LoneBox.B00.M33,2
O_.POETSHardwareOneBox.ocfg.LoneBox.B00.M32,O_.POETSHardwareOneBox.ocfg.LoneBox.B10.M12,9
O_.POETSHardwareOneBox.ocfg.LoneBox.B00.M32,O_.POETSHardwareOneBox.ocfg.LoneBox.B10.M13,3
O_.POETSHardwareOneBox.ocfg.LoneBox.B00.M03,O_.POETSHardwareOneBox.ocfg.LoneBox.B00.M02,12
O_.POETSHardwareOneBox.ocfg.LoneBox.B00.M03,O_.POETSHardwareOneBox.ocfg.LoneBox.B00.M13,12
O_.POETSHardwareOneBox.ocfg.LoneBox.B00.M03,O_.POETSHardwareOneBox.ocfg.LoneBox.B10.M00,8
O_.POETSHardwareOneBox.ocfg.LoneBox.B00.M13,O_.POETSHardwareOneBox.ocfg.LoneBox.B00.M12,8
O_.POETSHardwareOneBox.ocfg.LoneBox.B00.M13,O_.POETSHardwareOneBox.ocfg.LoneBox.B00.M03,12
O_.POETSHardwareOneBox.ocfg.LoneBox.B00.M13,O_.POETSHardwareOneBox.ocfg.LoneBox.B00.M23,24
O_.POETSHardwareOneBox.ocfg.LoneBox.B00.M13,O_.POETSHardwareOneBox.ocfg.LoneBox.B10.M00,11
O_.POETSHardwareOneBox.ocfg.LoneBox.B00.M23,O_.POETSHardwareOneBox.ocfg.LoneBox.B00.M22,6
O_.POETSHardwareOneBox.ocfg.LoneBox.B00.M23,O_.POETSHardwareOneBox.ocfg.LoneBox.B00.M13,24
O_.POETSHardwareOneBox.ocfg.LoneBox.B00.M23,O_.POETSHardwareOneBox.ocfg.LoneBox.B00.M33,12
O_.POETSHardwareOneBox.ocfg.LoneBox.B00.M23,O_.POETSHardwareOneBox.ocfg.LoneBox.B10.M10,3
O_.POETSHardwareOneBox.ocfg.LoneBox.B00.M23,O_.POETSHardwareOneBox.ocfg.LoneBox.B10.M03,9
O_.POETSHardwareOneBox.ocfg.LoneBox.B00.M33,O_.POETSHardwareOneBox.ocfg.LoneBox.B00.M32,2
O_.POETSHardwareOneBox.ocfg.LoneBox.B00.M33,O_.POETSHardwareOneBox.ocfg.LoneBox.B00.M23,12
O_.POETSHardwareOneBox.ocfg.LoneBox.B00.M33,O_.POETSHardwareOneBox.ocfg.LoneBox.B10.M00,3
O_.POETSHardwareOneBox.ocfg.LoneBox.B00.M33,O_.POETSHardwareOneBox.ocfg.LoneBox.B10.M20,3
O_.POETSHardwareOneBox.ocfg.LoneBox.B00.M33,O_.POETSHardwareOneBox.ocfg.LoneBox.B10.M13,9
O_.POETSHardwareOneBox.ocfg.LoneBox.B10.M00,O_.POETSHardwareOneBox.ocfg.LoneBox.B00.M00,112
O_.POETSHardwareOneBox.ocfg.LoneBox.B10.M00,O_.POETSHardwareOneBox.ocfg.LoneBox.B00.M10,8
O_.POETSHardwareOneBox.ocfg.LoneBox.B10.M00,O_.POETSHardwareOneBox.ocfg.LoneBox.B00.M20,12
O_.POETSHardwareOneBox.ocfg.LoneBox.B10.M00,O_.POETSHardwareOneBox.ocfg.LoneBox.B00.M01,8
O_.POETSHardwareOneBox.ocfg.LoneBox.B10.M00,O_.POETSHardwareOneBox.ocfg.LoneBox.B00.M11,8
O_.POETSHardwareOneBox.ocfg.LoneBox.B10.M00,O_.POETSHardwareOneBox.ocfg.LoneBox.B00.M02,8
O_.POETSHardwareOneBox.ocfg.LoneBox.B10.M00,O_.POETSHardwareOneBox.ocfg.LoneBox.B00.M12,8
O_.POETSHardwareOneBox.ocfg.LoneBox.B10.M00,O_.POETSHardwareOneBox.ocfg.LoneBox.B00.M03,8
O_.POETSHardwareOneBox.ocfg.LoneBox.B10.M00,O_.POETSHardwareOneBox.ocfg.LoneBox.B00.M13,11
O_.POETSHardwareOneBox.ocfg.LoneBox.B10.M00,O_.POETSHardwareOneBox.ocfg.LoneBox.B00.M33,3
O_.POETSHardwareOneBox.ocfg.LoneBox.B10.M00,O_.POETSHardwareOneBox.ocfg.LoneBox.B10.M10,15
O_.POETSHardwareOneBox.ocfg.LoneBox.B10.M00,O_.POETSHardwareOneBox.ocfg.LoneBox.B10.M01,12
O_.POETSHardwareOneBox.ocfg.LoneBox.B10.M00,O_.POETSHardwareOneBox.ocfg.LoneBox.B20.M00,68
O_.POETSHardwareOneBox.ocfg.LoneBox.B10.M00,O_.POETSHardwareOneBox.ocfg.LoneBox.B20.M20,12
O_.POETSHardwareOneBox.ocfg.LoneBox.B10.M00,O_.POETSHardwareOneBox.ocfg.LoneBox.B20.M30,12
O_.POETSHardwareOneBox.ocfg.LoneBox.B10.M00,O_.POETSHardwareOneBox.ocfg.LoneBox.B20.M21,12
O_.POETSHardwareOneBox.ocfg.LoneBox.B10.M00,O_.POETSHardwareOneBox.ocfg.LoneBox.B20.M31,12
O_.POETSHardwareOneBox.ocfg.LoneBox.B10.M00,O_.POETSHardwareOneBox.ocfg.LoneBox.B20.M22,12
O_.POETSHardwareOneBox.ocfg.LoneBox.B10.M00,O_.POETSHardwareOneBox.ocfg.LoneBox.B20.M32,12
O_.POETSHardwareOneBox.ocfg.LoneBox.B10.M00,O_.POETSHardwareOneBox.ocfg.LoneBox.B20.M13,3
O_.POETSHardwareOneBox.ocfg.LoneBox.B10.M00,O_.POETSHardwareOneBox.ocfg.LoneBox.B20.M23,12
O_.POETSHardwareOneBox.ocfg.LoneBox.B10.M00,O_.POETSHardwareOneBox.ocfg.LoneBox.B20.M33,14
O_.POETSHardwareOneBox.ocfg.LoneBox.B10.M10,O_.POETSHardwareOneBox.ocfg.LoneBox.B00.M30,9
O_.POETSHardwareOneBox.ocfg.LoneBox.B10.M10,O_.POETSHardwareOneBox.ocfg.LoneBox.B00.M23,3
O_.POETSHardwareOneBox.ocfg.LoneBox.B10.M10,O_.POETSHardwareOneBox.ocfg.LoneBox.B10.M00,15
O_.POETSHardwareOneBox.ocfg.LoneBox.B10.M10,O_.POETSHardwareOneBox.ocfg.LoneBox.B10.M20,24
O_.POETSHardwareOneBox.ocfg.LoneBox.B10.M10,O_.POETSHardwareOneBox.ocfg.LoneBox.B10.M11,9
O_.POETSHardwareOneBox.ocfg.LoneBox.B10.M20,O_.POETSHardwareOneBox.ocfg.LoneBox.B00.M33,3
O_.POETSHardwareOneBox.ocfg.LoneBox.B10.M20,O_.POETSHardwareOneBox.ocfg.LoneBox.B10.M10,24
O_.POETSHardwareOneBox.ocfg.LoneBox.B10.M20,O_.POETSHardwareOneBox.ocfg.LoneBox.B10.M30,14
O_.POETSHardwareOneBox.ocfg.LoneBox.B10.M20,O_.POETSHardwareOneBox.ocfg.LoneBox.B10.M21,5
O_.POETSHardwareOneBox.ocfg.LoneBox.B10.M20,O_.POETSHardwareOneBox.ocfg.LoneBox.B20.M00,9
O_.POETSHardwareOneBox.ocfg.LoneBox.B10.M20,O_.POETSHardwareOneBox.ocfg.LoneBox.B20.M01,3
O_.POETSHardwareOneBox.ocfg.LoneBox.B10.M30,O_.POETSHardwareOneBox.ocfg.LoneBox.B20.M10,9
O_.POETSHardwareOneBox.ocfg.LoneBox.B10.M30,O_.POETSHardwareOneBox.ocfg.LoneBox.B10.M20,14
O_.POETSHardwareOneBox.ocfg.LoneBox.B10.M30,O_.POETSHardwareOneBox.ocfg.LoneBox.B10.M31,3
O_.POETSHardwareOneBox.ocfg.LoneBox.B10.M30,O_.POETSHardwareOneBox.ocfg.LoneBox.B20.M11,3
O_.POETSHardwareOneBox.ocfg.LoneBox.B10.M01,O_.POETSHardwareOneBox.ocfg.LoneBox.B00.M20,3
O_.POETSHardwareOneBox.ocfg.LoneBox.B10.M01,O_.POETSHardwareOneBox.ocfg.LoneBox.B00.M21,9
O_.POETSHardwareOneBox.ocfg.LoneBox.B10.M01,O_.POETSHardwareOneBox.ocfg.LoneBox.B10.M00,12
O_.POETSHardwareOneBox.ocfg.LoneBox.B10.M01,O_.POETSHardwareOneBox.ocfg.LoneBox.B10.M11,12
O_.POETSHardwareOneBox.ocfg.LoneBox.B10.M01,O_.POETSHardwareOneBox.ocfg.LoneBox.B10.M02,12
O_.POETSHardwareOneBox.ocfg.LoneBox.B10.M11,O_.POETSHardwareOneBox.ocfg.LoneBox.B00.M30,3
O_.POETSHardwareOneBox.ocfg.LoneBox.B10.M11,O_.POETSHardwareOneBox.ocfg.LoneBox.B00.M31,9
O_.POETSHardwareOneBox.ocfg.LoneBox.B10.M11,O_.POETSHardwareOneBox.ocfg.LoneBox.B10.M10,9
O_.POETSHardwareOneBox.ocfg.LoneBox.B10.M11,O_.POETSHardwareOneBox.ocfg.LoneBox.B10.M01,12
O_.POETSHardwareOneBox.ocfg.LoneBox.B10.M11,O_.POETSHardwareOneBox.ocfg.LoneBox.B10.M21,24
O_.POETSHardwareOneBox.ocfg.LoneBox.B10.M11,O_.POETSHardwareOneBox.ocfg.LoneBox.B10.M12,9
O_.POETSHardwareOneBox.ocfg.LoneBox.B10.M21,O_.POETSHardwareOneBox.ocfg.LoneBox.B10.M20,5
O_.POETSHardwareOneBox.ocfg.LoneBox.B10.M21,O_.POETSHardwareOneBox.ocfg.LoneBox.B10.M11,24
O_.POETSHardwareOneBox.ocfg.LoneBox.B10.M21,O_.POETSHardwareOneBox.ocfg.LoneBox.B10.M31,12
O_.POETSHardwareOneBox.ocfg.LoneBox.B10.M21,O_.POETSHardwareOneBox.ocfg.LoneBox.B10.M22,5
O_.POETSHardwareOneBox.ocfg.LoneBox.B10.M21,O_.POETSHardwareOneBox.ocfg.LoneBox.B20.M01,9
O_.POETSHardwareOneBox.ocfg.LoneBox.B10.M21,O_.POETSHardwareOneBox.ocfg.LoneBox.B20.M02,3
O_.POETSHardwareOneBox.ocfg.LoneBox.B10.M31,O_.POETSHardwareOneBox.ocfg.LoneBox.B10.M30,3
O_.POETSHardwareOneBox.ocfg.LoneBox.B10.M31,O_.POETSHardwareOneBox.ocfg.LoneBox.B10.M21,12
O_.POETSHardwareOneBox.ocfg.LoneBox.B10.M31,O_.POETSHardwareOneBox.ocfg.LoneBox.B10.M32,3
O_.POETSHardwareOneBox.ocfg.LoneBox.B10.M31,O_.POETSHardwareOneBox.ocfg.LoneBox.B20.M11,9
O_.POETSHardwareOneBox.ocfg.LoneBox.B10.M31,O_.POETSHardwareOneBox.ocfg.LoneBox.B20.M12,3
O_.POETSHardwareOneBox.ocfg.LoneBox.B10.M02,O_.POETSHardwareOneBox.ocfg.LoneBox.B00.M21,3
O_.POETSHardwareOneBox.ocfg.LoneBox.B10.M02,O_.POETSHardwareOneBox.ocfg.LoneBox.B00.M22,9
O_.POETSHardwareOneBox.ocfg.LoneBox.B10.M02,O_.POETSHardwareOneBox.ocfg.LoneBox.B10.M01,12
O_.POETSHardwareOneBox.ocfg.LoneBox.B10.M02,O_.POETSHardwareOneBox.ocfg.LoneBox.B10.M12,12
O_.POETSHardwareOneBox.ocfg.LoneBox.B10.M02,O_.POETSHardwareOneBox.ocfg.LoneBox.B10.M03,12
O_.POETSHardwareOneBox.ocfg.LoneBox.B10.M12,O_.POETSHardwareOneBox.ocfg.LoneBox.B00.M31,3
O_.POETSHardwareOneBox.ocfg.LoneBox.B10.M12,O_.POETSHardwareOneBox.ocfg.LoneBox.B00.M32,9
O_.POETSHardwareOneBox.ocfg.LoneBox.B10.M12,O_.POETSHardwareOneBox.ocfg.LoneBox.B10.M11,9
O_.POETSHardwareOneBox.ocfg.LoneBox.B10.M12,O_.POETSHardwareOneBox.ocfg.LoneBox.B10.M02,12
O_.POETSHardwareOneBox.ocfg.LoneBox.B10.M12,O_.POETSHardwareOneBox.ocfg.LoneBox.B10.M22,24
O_.POETSHardwareOneBox.ocfg.LoneBox.B10.M12,O_.POETSHardwareOneBox.ocfg.LoneBox.B10.M13,9
O_.POETSHardwareOneBox.ocfg.LoneBox.B10.M22,O_.POETSHardwareOneBox.ocfg.LoneBox.B10.M21,5
O_.POETSHardwareOneBox.ocfg.LoneBox.B10.M22,O_.POETSHardwareOneBox.ocfg.LoneBox.B10.M12,24
O_.POETSHardwareOneBox.ocfg.LoneBox.B10.M22,O_.POETSHardwareOneBox.ocfg.LoneBox.B10.M32,12
O_.POETSHardwareOneBox.ocfg.LoneBox.B10.M22,O_.POETSHardwareOneBox.ocfg.LoneBox.B10.M23,5
O_.POETSHardwareOneBox.ocfg.LoneBox.B10.M22,O_.POETSHardwareOneBox.ocfg.LoneBox.B20.M02,9
O_.POETSHardwareOneBox.ocfg.LoneBox.B10.M22,O_.POETSHardwareOneBox.ocfg.LoneBox.B20.M03,3
O_.POETSHardwareOneBox.ocfg.LoneBox.B10.M32,O_.POETSHardwareOneBox.ocfg.LoneBox.B10.M31,3
O_.POETSHardwareOneBox.ocfg.LoneBox.B10.M32,O_.POETSHardwareOneBox.ocfg.LoneBox.B10.M22,12
O_.POETSHardwareOneBox.ocfg.LoneBox.B10.M32,O_.POETSHardwareOneBox.ocfg.LoneBox.B10.M33,3
O_.POETSHardwareOneBox.ocfg.LoneBox.B10.M32,O_.POETSHardwareOneBox.ocfg.LoneBox.B20.M12,9
O_.POETSHardwareOneBox.ocfg.LoneBox.B10.M32,O_.POETSHardwareOneBox.ocfg.LoneBox.B20.M13,3
O_.POETSHardwareOneBox.ocfg.LoneBox.B10.M03,O_.POETSHardwareOneBox.ocfg.LoneBox.B00.M22,3
O_.POETSHardwareOneBox.ocfg.LoneBox.B10.M03,O_.POETSHardwareOneBox.ocfg.LoneBox.B00.M23,9
O_.POETSHardwareOneBox.ocfg.LoneBox.B10.M03,O_.POETSHardwareOneBox.ocfg.LoneBox.B10.M02,12
O_.POETSHardwareOneBox.ocfg.LoneBox.B10.M03,O_.POETSHardwareOneBox.ocfg.LoneBox.B10.M13,12
O_.POETSHardwareOneBox.ocfg.LoneBox.B10.M13,O_.POETSHardwareOneBox.ocfg.LoneBox.B00.M32,3
O_.POETSHardwareOneBox.ocfg.LoneBox.B10.M13,O_.POETSHardwareOneBox.ocfg.LoneBox.B00.M33,9
O_.POETSHardwareOneBox.ocfg.LoneBox.B10.M13,O_.POETSHardwareOneBox.ocfg.LoneBox.B10.M12,9
O_.POETSHardwareOneBox.ocfg.LoneBox.B10.M13,O_.POETSHardwareOneBox.ocfg.LoneBox.B10.M03,12
O_.POETSHardwareOneBox.ocfg.LoneBox.B10.M13,O_.POETSHardwareOneBox.ocfg.LoneBox.B10.M23,24
O_.POETSHardwareOneBox.ocfg.LoneBox.B10.M13,O_.POETSHardwareOneBox.ocfg.LoneBox.B20.M00,3
O_.POETSHardwareOneBox.ocfg.LoneBox.B10.M23,O_.POETSHardwareOneBox.ocfg.LoneBox.B20.M10,3
O_.POETSHardwareOneBox.ocfg.LoneBox.B10.M23,O_.POETSHardwareOneBox.ocfg.LoneBox.B10.M22,5
O_.POETSHardwareOneBox.ocfg.LoneBox.B10.M23,O_.POETSHardwareOneBox.ocfg.LoneBox.B10.M13,24
O_.POETSHardwareOneBox.ocfg.LoneBox.B10.M23,O_.POETSHardwareOneBox.ocfg.LoneBox.B10.M33,12
O_.POETSHardwareOneBox.ocfg.LoneBox.B10.M23,O_.POETSHardwareOneBox.ocfg.LoneBox.B20.M03,9
O_.POETSHardwareOneBox.ocfg.LoneBox.B10.M33,O_.POETSHardwareOneBox.ocfg.LoneBox.B10.M32,3
O_.POETSHardwareOneBox.ocfg.LoneBox.B10.M33,O_.POETSHardwareOneBox.ocfg.LoneBox.B10.M23,12
O_.POETSHardwareOneBox.ocfg.LoneBox.B10.M33,O_.POETSHardwareOneBox.ocfg.LoneBox.B20.M00,3
O_.POETSHardwareOneBox.ocfg.LoneBox.B10.M33,O_.POETSHardwareOneBox.ocfg.LoneBox.B20.M20,3
O_.POETSHardwareOneBox.ocfg.LoneBox.B10.M33,O_.POETSHardwareOneBox.ocfg.LoneBox.B20.M13,9
O_.POETSHardwareOneBox.ocfg.LoneBox.B20.M00,O_.POETSHardwareOneBox.ocfg.LoneBox.B20.M10,15
O_.POETSHardwareOneBox.ocfg.LoneBox.B20.M00,O_.POETSHardwareOneBox.ocfg.LoneBox.B10.M00,70
O_.POETSHardwareOneBox.ocfg.LoneBox.B20.M00,O_.POETSHardwareOneBox.ocfg.LoneBox.B10.M20,9
O_.POETSHardwareOneBox.ocfg.LoneBox.B20.M00,O_.POETSHardwareOneBox.ocfg.LoneBox.B10.M13,3
O_.POETSHardwareOneBox.ocfg.LoneBox.B20.M00,O_.POETSHardwareOneBox.ocfg.LoneBox.B10.M33,3
O_.POETSHardwareOneBox.ocfg.LoneBox.B20.M00,O_.POETSHardwareOneBox.ocfg.LoneBox.B20.M01,12
O_.POETSHardwareOneBox.ocfg.LoneBox.B20.M00,O_.POETSHardwareOneBox.ocfg.LoneBox.B21.M20,8
O_.POETSHardwareOneBox.ocfg.LoneBox.B20.M00,O_.POETSHardwareOneBox.ocfg.LoneBox.B21.M30,8
O_.POETSHardwareOneBox.ocfg.LoneBox.B20.M00,O_.POETSHardwareOneBox.ocfg.LoneBox.B21.M21,8
O_.POETSHardwareOneBox.ocfg.LoneBox.B20.M00,O_.POETSHardwareOneBox.ocfg.LoneBox.B21.M31,8
O_.POETSHardwareOneBox.ocfg.LoneBox.B20.M00,O_.POETSHardwareOneBox.ocfg.LoneBox.B21.M22,8
O_.POETSHardwareOneBox.ocfg.LoneBox.B20.M00,O_.POETSHardwareOneBox.ocfg.LoneBox.B21.M32,8
O_.POETSHardwareOneBox.ocfg.LoneBox.B20.M00,O_.POETSHardwareOneBox.ocfg.LoneBox.B21.M13,6
O_.POETSHardwareOneBox.ocfg.LoneBox.B20.M00,O_.POETSHardwareOneBox.ocfg.LoneBox.B21.M23,8
O_.POETSHardwareOneBox.ocfg.LoneBox.B20.M00,O_.POETSHardwareOneBox.ocfg.LoneBox.B21.M33,6
O_.POETSHardwareOneBox.ocfg.LoneBox.B20.M20,O_.POETSHardwareOneBox.ocfg.LoneBox.B20.M10,24
O_.POETSHardwareOneBox.ocfg.LoneBox.B20.M20,O_.POETSHardwareOneBox.ocfg.LoneBox.B10.M00,12
O_.POETSHardwareOneBox.ocfg.LoneBox.B20.M20,O_.POETSHardwareOneBox.ocfg.LoneBox.B10.M33,3
O_.POETSHardwareOneBox.ocfg.LoneBox.B20.M20,O_.POETSHardwareOneBox.ocfg.LoneBox.B20.M30,15
O_.POETSHardwareOneBox.ocfg.LoneBox.B20.M20,O_.POETSHardwareOneBox.ocfg.LoneBox.B20.M21,5
O_.POETSHardwareOneBox.ocfg.LoneBox.B20.M30,O_.POETSHardwareOneBox.ocfg.LoneBox.B10.M00,12
O_.POETSHardwareOneBox.ocfg.LoneBox.B20.M30,O_.POETSHardwareOneBox.ocfg.LoneBox.B20.M20,15
O_.POETSHardwareOneBox.ocfg.LoneBox.B20.M30,O_.POETSHardwareOneBox.ocfg.LoneBox.B20.M31,3
O_.POETSHardwareOneBox.ocfg.LoneBox.B20.M01,O_.POETSHardwareOneBox.ocfg.LoneBox.B10.M20,3
O_.POETSHardwareOneBox.ocfg.LoneBox.B20.M01,O_.POETSHardwareOneBox.ocfg.LoneBox.B10.M21,9
O_.POETSHardwareOneBox.ocfg.LoneBox.B20.M01,O_.POETSHardwareOneBox.ocfg.LoneBox.B20.M00,12
O_.POETSHardwareOneBox.ocfg.LoneBox.B20.M01,O_.POETSHardwareOneBox.ocfg.LoneBox.B20.M11,12
O_.POETSHardwareOneBox.ocfg.LoneBox.B20.M01,O_.POETSHardwareOneBox.ocfg.LoneBox.B20.M02,12
O_.POETSHardwareOneBox.ocfg.LoneBox.B20.M11,O_.POETSHardwareOneBox.ocfg.LoneBox.B20.M10,9
O_.POETSHardwareOneBox.ocfg.LoneBox.B20.M11,O_.POETSHardwareOneBox.ocfg.LoneBox.B10.M30,3
O_.POETSHardwareOneBox.ocfg.LoneBox.B20.M11,O_.POETSHardwareOneBox.ocfg.LoneBox.B10.M31,9
O_.POETSHardwareOneBox.ocfg.LoneBox.B20.M11,O_.POETSHardwareOneBox.ocfg.LoneBox.B20.M01,12
O_.POETSHardwareOneBox.ocfg.LoneBox.B20.M11,O_.POETSHardwareOneBox.ocfg.LoneBox.B20.M21,24
O_.POETSHardwareOneBox.ocfg.LoneBox.B20.M11,O_.POETSHardwareOneBox.ocfg.LoneBox.B20.M12,9
O_.POETSHardwareOneBox.ocfg.LoneBox.B20.M21,O_.POETSHardwareOneBox.ocfg.LoneBox.B10.M00,12
O_.POETSHardwareOneBox.ocfg.LoneBox.B20.M21,O_.POETSHardwareOneBox.ocfg.LoneBox.B20.M20,5
O_.POETSHardwareOneBox.ocfg.LoneBox.B20.M21,O_.POETSHardwareOneBox.ocfg.LoneBox.B20.M11,24
O_.POETSHardwareOneBox.ocfg.LoneBox.B20.M21,O_.POETSHardwareOneBox.ocfg.LoneBox.B20.M31,12
O_.POETSHardwareOneBox.ocfg.LoneBox.B20.M21,O_.POETSHardwareOneBox.ocfg.LoneBox.B20.M22,6
O_.POETSHardwareOneBox.ocfg.LoneBox.B20.M31,O_.POETSHardwareOneBox.ocfg.LoneBox.B10.M00,12
O_.POETSHardwareOneBox.ocfg.LoneBox.B20.M31,O_.POETSHardwareOneBox.ocfg.LoneBox.B20.M30,3
O_.POETSHardwareOneBox.ocfg.LoneBox.B20.M31,O_.POETSHardwareOneBox.ocfg.LoneBox.B20.M21,12
O_.POETSHardwareOneBox.ocfg.LoneBox.B20.M31,O_.POETSHardwareOneBox.ocfg.LoneBox.B20.M32,3
O_.POETSHardwareOneBox.ocfg.LoneBox.B20.M02,O_.POETSHardwareOneBox.ocfg.LoneBox.B10.M21,3
O_.POETSHardwareOneBox.ocfg.LoneBox.B20.M02,O_.POETSHardwareOneBox.ocfg.LoneBox.B10.M22,9
O_.POETSHardwareOneBox.ocfg.LoneBox.B20.M02,O_.POETSHardwareOneBox.ocfg.LoneBox.B20.M01,12
O_.POETSHardwareOneBox.ocfg.LoneBox.B20.M02,O_.POETSHardwareOneBox.ocfg.LoneBox.B20.M12,12
O_.POETSHardwareOneBox.ocfg.LoneBox.B20.M02,O_.POETSHardwareOneBox.ocfg.LoneBox.B20.M03,12
O_.POETSHardwareOneBox.ocfg.LoneBox.B20.M12,O_.POETSHardwareOneBox.ocfg.LoneBox.B10.M31,3
O_.POETSHardwareOneBox.ocfg.LoneBox.B20.M12,O_.POETSHardwareOneBox.ocfg.LoneBox.B10.M32,9
O_.POETSHardwareOneBox.ocfg.LoneBox.B20.M12,O_.POETSHardwareOneBox.ocfg.LoneBox.B20.M11,9
O_.POETSHardwareOneBox.ocfg.LoneBox.B20.M12,O_.POETSHardwareOneBox.ocfg.LoneBox.B20.M02,12
O_.POETSHardwareOneBox.ocfg.LoneBox.B20.M12,O_.POETSHardwareOneBox.ocfg.LoneBox.B20.M22,24
O_.POETSHardwareOneBox.ocfg.LoneBox.B20.M12,O_.POETSHardwareOneBox.ocfg.LoneBox.B20.M13,9
O_.POETSHardwareOneBox.ocfg.LoneBox.B20.M22,O_.POETSHardwareOneBox.ocfg.LoneBox.B10.M00,12
O_.POETSHardwareOneBox.ocfg.LoneBox.B20.M22,O_.POETSHardwareOneBox.ocfg.LoneBox.B20.M21,6
O_.POETSHardwareOneBox.ocfg.LoneBox.B20.M22,O_.POETSHardwareOneBox.ocfg.LoneBox.B20.M12,24
O_.POETSHardwareOneBox.ocfg.LoneBox.B20.M22,O_.POETSHardwareOneBox.ocfg.LoneBox.B20.M32,12
O_.POETSHardwareOneBox.ocfg.LoneBox.B20.M22,O_.POETSHardwareOneBox.ocfg.LoneBox.B20.M23,6
O_.POETSHardwareOneBox.ocfg.LoneBox.B20.M32,O_.POETSHardwareOneBox.ocfg.LoneBox.B10.M00,12
O_.POETSHardwareOneBox.ocfg.LoneBox.B20.M32,O_.POETSHardwareOneBox.ocfg.LoneBox.B20.M31,3
O_.POETSHardwareOneBox.ocfg.LoneBox.B20.M32,O_.POETSHardwareOneBox.ocfg.LoneBox.B20.M22,12
O_.POETSHardwareOneBox.ocfg.LoneBox.B20.M32,O_.POETSHardwareOneBox.ocfg.LoneBox.B20.M33,3
O_.POETSHardwareOneBox.ocfg.LoneBox.B20.M03,O_.POETSHardwareOneBox.ocfg.LoneBox.B10.M22,3
O_.POETSHardwareOneBox.ocfg.LoneBox.B20.M03,O_.POETSHardwareOneBox.ocfg.LoneBox.B10.M23,9
O_.POETSHardwareOneBox.ocfg.LoneBox.B20.M03,O_.POETSHardwareOneBox.ocfg.LoneBox.B20.M02,12
O_.POETSHardwareOneBox.ocfg.LoneBox.B20.M03,O_.POETSHardwareOneBox.ocfg.LoneBox.B20.M13,12
O_.POETSHardwareOneBox.ocfg.LoneBox.B01.M00,O_.POETSHardwareOneBox.ocfg.LoneBox.B00.M00,14
O_.POETSHardwareOneBox.ocfg.LoneBox.B01.M00,O_.POETSHardwareOneBox.ocfg.LoneBox.B01.M10,15
O_.POETSHardwareOneBox.ocfg.LoneBox.B01.M00,O_.POETSHardwareOneBox.ocfg.LoneBox.B01.M01,12
O_.POETSHardwareOneBox.ocfg.LoneBox.B20.M13,O_.POETSHardwareOneBox.ocfg.LoneBox.B10.M00,3
O_.POETSHardwareOneBox.ocfg.LoneBox.B20.M13,O_.POETSHardwareOneBox.ocfg.LoneBox.B10.M32,3
O_.POETSHardwareOneBox.ocfg.LoneBox.B20.M13,O_.POETSHardwareOneBox.ocfg.LoneBox.B10.M33,9
O_.POETSHardwareOneBox.ocfg.LoneBox.B20.M13,O_.POETSHardwareOneBox.ocfg.LoneBox.B20.M12,9
O_.POETSHardwareOneBox.ocfg.LoneBox.B20.M13,O_.POETSHardwareOneBox.ocfg.LoneBox.B20.M03,12
O_.POETSHardwareOneBox.ocfg.LoneBox.B20.M13,O_.POETSHardwareOneBox.ocfg.LoneBox.B20.M23,24
O_.POETSHardwareOneBox.ocfg.LoneBox.B20.M23,O_.POETSHardwareOneBox.ocfg.LoneBox.B10.M00,12
O_.POETSHardwareOneBox.ocfg.LoneBox.B20.M23,O_.POETSHardwareOneBox.ocfg.LoneBox.B20.M22,6
O_.POETSHardwareOneBox.ocfg.LoneBox.B20.M23,O_.POETSHardwareOneBox.ocfg.LoneBox.B20.M13,24
O_.POETSHardwareOneBox.ocfg.LoneBox.B20.M23,O_.POETSHardwareOneBox.ocfg.LoneBox.B20.M33,12
O_.POETSHardwareOneBox.ocfg.LoneBox.B20.M33,O_.POETSHardwareOneBox.ocfg.LoneBox.B10.M00,14
O_.POETSHardwareOneBox.ocfg.LoneBox.B20.M33,O_.POETSHardwareOneBox.ocfg.LoneBox.B20.M32,3
O_.POETSHardwareOneBox.ocfg.LoneBox.B20.M33,O_.POETSHardwareOneBox.ocfg.LoneBox.B20.M23,12
O_.POETSHardwareOneBox.ocfg.LoneBox.B01.M10,O_.POETSHardwareOneBox.ocfg.LoneBox.B00.M00,12
O_.POETSHardwareOneBox.ocfg.LoneBox.B01.M10,O_.POETSHardwareOneBox.ocfg.LoneBox.B01.M00,15
O_.POETSHardwareOneBox.ocfg.LoneBox.B01.M10,O_.POETSHardwareOneBox.ocfg.LoneBox.B01.M20,24
O_.POETSHardwareOneBox.ocfg.LoneBox.B01.M10,O_.POETSHardwareOneBox.ocfg.LoneBox.B01.M11,9
O_.POETSHardwareOneBox.ocfg.LoneBox.B01.M20,O_.POETSHardwareOneBox.ocfg.LoneBox.B00.M00,3
O_.POETSHardwareOneBox.ocfg.LoneBox.B01.M20,O_.POETSHardwareOneBox.ocfg.LoneBox.B01.M10,24
O_.POETSHardwareOneBox.ocfg.LoneBox.B01.M20,O_.POETSHardwareOneBox.ocfg.LoneBox.B01.M30,15
O_.POETSHardwareOneBox.ocfg.LoneBox.B01.M20,O_.POETSHardwareOneBox.ocfg.LoneBox.B01.M21,6
O_.POETSHardwareOneBox.ocfg.LoneBox.B01.M20,O_.POETSHardwareOneBox.ocfg.LoneBox.B11.M00,9
O_.POETSHardwareOneBox.ocfg.LoneBox.B01.M20,O_.POETSHardwareOneBox.ocfg.LoneBox.B11.M01,3
O_.POETSHardwareOneBox.ocfg.LoneBox.B01.M30,O_.POETSHardwareOneBox.ocfg.LoneBox.B01.M20,15
O_.POETSHardwareOneBox.ocfg.LoneBox.B01.M30,O_.POETSHardwareOneBox.ocfg.LoneBox.B01.M31,2
O_.POETSHardwareOneBox.ocfg.LoneBox.B01.M30,O_.POETSHardwareOneBox.ocfg.LoneBox.B11.M10,9
O_.POETSHardwareOneBox.ocfg.LoneBox.B01.M30,O_.POETSHardwareOneBox.ocfg.LoneBox.B11.M11,3
O_.POETSHardwareOneBox.ocfg.LoneBox.B01.M01,O_.POETSHardwareOneBox.ocfg.LoneBox.B00.M00,12
O_.POETSHardwareOneBox.ocfg.LoneBox.B01.M01,O_.POETSHardwareOneBox.ocfg.LoneBox.B01.M00,12
O_.POETSHardwareOneBox.ocfg.LoneBox.B01.M01,O_.POETSHardwareOneBox.ocfg.LoneBox.B01.M11,12
O_.POETSHardwareOneBox.ocfg.LoneBox.B01.M01,O_.POETSHardwareOneBox.ocfg.LoneBox.B01.M02,12
O_.POETSHardwareOneBox.ocfg.LoneBox.B01.M11,O_.POETSHardwareOneBox.ocfg.LoneBox.B00.M00,12
O_.POETSHardwareOneBox.ocfg.LoneBox.B01.M11,O_.POETSHardwareOneBox.ocfg.LoneBox.B01.M10,9
O_.POETSHardwareOneBox.ocfg.LoneBox.B01.M11,O_.POETSHardwareOneBox.ocfg.LoneBox.B01.M01,12
O_.POETSHardwareOneBox.ocfg.LoneBox.B01.M11,O_.POETSHardwareOneBox.ocfg.LoneBox.B01.M21,24
O_.POETSHardwareOneBox.ocfg.LoneBox.B01.M11,O_.POETSHardwareOneBox.ocfg.LoneBox.B01.M12,9
O_.POETSHardwareOneBox.ocfg.LoneBox.B01.M21,O_.POETSHardwareOneBox.ocfg.LoneBox.B01.M20,6
O_.POETSHardwareOneBox.ocfg.LoneBox.B01.M21,O_.POETSHardwareOneBox.ocfg.LoneBox.B01.M11,24
O_.POETSHardwareOneBox.ocfg.LoneBox.B01.M21,O_.POETSHardwareOneBox.ocfg.LoneBox.B01.M31,12
O_.POETSHardwareOneBox.ocfg.LoneBox.B01.M21,O_.POETSHardwareOneBox.ocfg.LoneBox.B01.M22,6
O_.POETSHardwareOneBox.ocfg.LoneBox.B01.M21,O_.POETSHardwareOneBox.ocfg.LoneBox.B11.M01,9
O_.POETSHardwareOneBox.ocfg.LoneBox.B01.M21,O_.POETSHardwareOneBox.ocfg.LoneBox.B11.M02,3
O_.POETSHardwareOneBox.ocfg.LoneBox.B01.M31,O_.POETSHardwareOneBox.ocfg.LoneBox.B01.M30,2
O_.POETSHardwareOneBox.ocfg.LoneBox.B01.M31,O_.POETSHardwareOneBox.ocfg.LoneBox.B01.M21,12
O_.POETSHardwareOneBox.ocfg.LoneBox.B01.M31,O_.POETSHardwareOneBox.ocfg.LoneBox.B01.M32,3
O_.POETSHardwareOneBox.ocfg.LoneBox.B01.M31,O_.POETSHardwareOneBox.ocfg.LoneBox.B11.M11,9
O_.POETSHardwareOneBox.ocfg.LoneBox.B01.M31,O_.POETSHardwareOneBox.ocfg.LoneBox.B11.M12,3
O_.POETSHardwareOneBox.ocfg.LoneBox.B01.M02,O_.POETSHardwareOneBox.ocfg.LoneBox.B00.M00,12
O_.POETSHardwareOneBox.ocfg.LoneBox.B01.M02,O_.POETSHardwareOneBox.ocfg.LoneBox.B01.M01,12
O_.POETSHardwareOneBox.ocfg.LoneBox.B01.M02,O_.POETSHardwareOneBox.ocfg.LoneBox.B01.M12,12
O_.POETSHardwareOneBox.ocfg.LoneBox.B01.M02,O_.POETSHardwareOneBox.ocfg.LoneBox.B01.M03,12
O_.POETSHardwareOneBox.ocfg.LoneBox.B01.M12,O_.POETSHardwareOneBox.ocfg.LoneBox.B00.M00,12
O_.POETSHardwareOneBox.ocfg.LoneBox.B01.M12,O_.POETSHardwareOneBox.ocfg.LoneBox.B01.M11,9
O_.POETSHardwareOneBox.ocfg.LoneBox.B01.M12,O_.POETSHardwareOneBox.ocfg.LoneBox.B01.M02,12
O_.POETSHardwareOneBox.ocfg.LoneBox.B01.M12,O_.POETSHardwareOneBox.ocfg.LoneBox.B01.M22,24
O_.POETSHardwareOneBox.ocfg.LoneBox.B01.M12,O_.POETSHardwareOneBox.ocfg.LoneBox.B01.M13,9
O_.POETSHardwareOneBox.ocfg.LoneBox.B01.M22,O_.POETSHardwareOneBox.ocfg.LoneBox.B01.M21,6
O_.POETSHardwareOneBox.ocfg.LoneBox.B01.M22,O_.POETSHardwareOneBox.ocfg.LoneBox.B01.M12,24
O_.POETSHardwareOneBox.ocfg.LoneBox.B01.M22,O_.POETSHardwareOneBox.ocfg.LoneBox.B01.M32,12
O_.POETSHardwareOneBox.ocfg.LoneBox.B01.M22,O_.POETSHardwareOneBox.ocfg.LoneBox.B01.M23,6
O_.POETSHardwareOneBox.ocfg.LoneBox.B01.M22,O_.POETSHardwareOneBox.ocfg.LoneBox.B11.M02,9
O_.POETSHardwareOneBox.ocfg.LoneBox.B01.M22,O_.POETSHardwareOneBox.ocfg.LoneBox.B11.M03,3
O_.POETSHardwareOneBox.ocfg.LoneBox.B01.M32,O_.POETSHardwareOneBox.ocfg.LoneBox.B01.M31,3
O_.POETSHardwareOneBox.ocfg.LoneBox.B01.M32,O_.POETSHardwareOneBox.ocfg.LoneBox.B01.M22,12
O_.POETSHardwareOneBox.ocfg.LoneBox.B01.M32,O_.POETSHardwareOneBox.ocfg.LoneBox.B01.M33,3
O_.POETSHardwareOneBox.ocfg.LoneBox.B01.M32,O_.POETSHardwareOneBox.ocfg.LoneBox.B11.M12,9
O_.POETSHardwareOneBox.ocfg.LoneBox.B01.M32,O_.POETSHardwareOneBox.ocfg.LoneBox.B11.M13,3
O_.POETSHardwareOneBox.ocfg.LoneBox.B01.M03,O_.POETSHardwareOneBox.ocfg.LoneBox.B00.M00,12
O_.POETSHardwareOneBox.ocfg.LoneBox.B01.M03,O_.POETSHardwareOneBox.ocfg.LoneBox.B01.M02,12
O_.POETSHardwareOneBox.ocfg.LoneBox.B01.M03,O_.POETSHardwareOneBox.ocfg.LoneBox.B01.M13,12
O_.POETSHardwareOneBox.ocfg.LoneBox.B01.M13,O_.POETSHardwareOneBox.ocfg.LoneBox.B00.M00,12
O_.POETSHardwareOneBox.ocfg.LoneBox.B01.M13,O_.POETSHardwareOneBox.ocfg.LoneBox.B01.M12,9
O_.POETSHardwareOneBox.ocfg.LoneBox.B01.M13,O_.POETSHardwareOneBox.ocfg.LoneBox.B01.M03,12
O_.POETSHardwareOneBox.ocfg.LoneBox.B01.M13,O_.POETSHardwareOneBox.ocfg.LoneBox.B01.M23,24
O_.POETSHardwareOneBox.ocfg.LoneBox.B01.M13,O_.POETSHardwareOneBox.ocfg.LoneBox.B11.M00,3
O_.POETSHardwareOneBox.ocfg.LoneBox.B01.M23,O_.POETSHardwareOneBox.ocfg.LoneBox.B01.M22,6
O_.POETSHardwareOneBox.ocfg.LoneBox.B01.M23,O_.POETSHardwareOneBox.ocfg.LoneBox.B01.M13,24
O_.POETSHardwareOneBox.ocfg.LoneBox.B01.M23,O_.POETSHardwareOneBox.ocfg.LoneBox.B01.M33,12
O_.POETSHardwareOneBox.ocfg.LoneBox.B01.M23,O_.POETSHardwareOneBox.ocfg.LoneBox.B11.M10,3
O_.POETSHardwareOneBox.ocfg.LoneBox.B01.M23,O_.POETSHardwareOneBox.ocfg.LoneBox.B11.M03,9
O_.POETSHardwareOneBox.ocfg.LoneBox.B01.M33,O_.POETSHardwareOneBox.ocfg.LoneBox.B01.M32,3
O_.POETSHardwareOneBox.ocfg.LoneBox.B01.M33,O_.POETSHardwareOneBox.ocfg.LoneBox.B01.M23,12
O_.POETSHardwareOneBox.ocfg.LoneBox.B01.M33,O_.POETSHardwareOneBox.ocfg.LoneBox.B11.M00,3
O_.POETSHardwareOneBox.ocfg.LoneBox.B01.M33,O_.POETSHardwareOneBox.ocfg.LoneBox.B11.M20,3
O_.POETSHardwareOneBox.ocfg.LoneBox.B01.M33,O_.POETSHardwareOneBox.ocfg.LoneBox.B11.M13,9
O_.POETSHardwareOneBox.ocfg.LoneBox.B11.M00,O_.POETSHardwareOneBox.ocfg.LoneBox.B01.M20,9
O_.POETSHardwareOneBox.ocfg.LoneBox.B11.M00,O_.POETSHardwareOneBox.ocfg.LoneBox.B01.M13,3
O_.POETSHardwareOneBox.ocfg.LoneBox.B11.M00,O_.POETSHardwareOneBox.ocfg.LoneBox.B01.M33,3
O_.POETSHardwareOneBox.ocfg.LoneBox.B11.M00,O_.POETSHardwareOneBox.ocfg.LoneBox.B11.M10,15
O_.POETSHardwareOneBox.ocfg.LoneBox.B11.M00,O_.POETSHardwareOneBox.ocfg.LoneBox.B11.M01,12
O_.POETSHardwareOneBox.ocfg.LoneBox.B11.M10,O_.POETSHardwareOneBox.ocfg.LoneBox.B01.M30,9
O_.POETSHardwareOneBox.ocfg.LoneBox.B11.M10,O_.POETSHardwareOneBox.ocfg.LoneBox.B01.M23,3
O_.POETSHardwareOneBox.ocfg.LoneBox.B11.M10,O_.POETSHardwareOneBox.ocfg.LoneBox.B11.M00,15
O_.POETSHardwareOneBox.ocfg.LoneBox.B11.M10,O_.POETSHardwareOneBox.ocfg.LoneBox.B11.M20,24
O_.POETSHardwareOneBox.ocfg.LoneBox.B11.M10,O_.POETSHardwareOneBox.ocfg.LoneBox.B11.M11,9
O_.POETSHardwareOneBox.ocfg.LoneBox.B11.M20,O_.POETSHardwareOneBox.ocfg.LoneBox.B01.M33,3
O_.POETSHardwareOneBox.ocfg.LoneBox.B11.M20,O_.POETSHardwareOneBox.ocfg.LoneBox.B11.M10,24
O_.POETSHardwareOneBox.ocfg.LoneBox.B11.M20,O_.POETSHardwareOneBox.ocfg.LoneBox.B11.M30,15
O_.POETSHardwareOneBox.ocfg.LoneBox.B11.M20,O_.POETSHardwareOneBox.ocfg.LoneBox.B11.M21,6
O_.POETSHardwareOneBox.ocfg.LoneBox.B11.M20,O_.POETSHardwareOneBox.ocfg.LoneBox.B21.M00,8
O_.POETSHardwareOneBox.ocfg.LoneBox.B11.M20,O_.POETSHardwareOneBox.ocfg.LoneBox.B21.M01,2
O_.POETSHardwareOneBox.ocfg.LoneBox.B11.M30,O_.POETSHardwareOneBox.ocfg.LoneBox.B11.M20,15
O_.POETSHardwareOneBox.ocfg.LoneBox.B11.M30,O_.POETSHardwareOneBox.ocfg.LoneBox.B11.M31,3
O_.POETSHardwareOneBox.ocfg.LoneBox.B11.M30,O_.POETSHardwareOneBox.ocfg.LoneBox.B21.M10,6
O_.POETSHardwareOneBox.ocfg.LoneBox.B11.M30,O_.POETSHardwareOneBox.ocfg.LoneBox.B21.M11,2
O_.POETSHardwareOneBox.ocfg.LoneBox.B11.M01,O_.POETSHardwareOneBox.ocfg.LoneBox.B01.M20,3
O_.POETSHardwareOneBox.ocfg.LoneBox.B11.M01,O_.POETSHardwareOneBox.ocfg.LoneBox.B01.M21,9
O_.POETSHardwareOneBox.ocfg.LoneBox.B11.M01,O_.POETSHardwareOneBox.ocfg.LoneBox.B11.M00,12
O_.POETSHardwareOneBox.ocfg.LoneBox.B11.M01,O_.POETSHardwareOneBox.ocfg.LoneBox.B11.M11,12
O_.POETSHardwareOneBox.ocfg.LoneBox.B11.M01,O_.POETSHardwareOneBox.ocfg.LoneBox.B11.M02,12
O_.POETSHardwareOneBox.ocfg.LoneBox.B11.M11,O_.POETSHardwareOneBox.ocfg.LoneBox.B01.M30,3
O_.POETSHardwareOneBox.ocfg.LoneBox.B11.M11,O_.POETSHardwareOneBox.ocfg.LoneBox.B01.M31,9
O_.POETSHardwareOneBox.ocfg.LoneBox.B11.M11,O_.POETSHardwareOneBox.ocfg.LoneBox.B11.M10,9
O_.POETSHardwareOneBox.ocfg.LoneBox.B11.M11,O_.POETSHardwareOneBox.ocfg.LoneBox.B11.M01,12
O_.POETSHardwareOneBox.ocfg.LoneBox.B11.M11,O_.POETSHardwareOneBox.ocfg.LoneBox.B11.M21,24
O_.POETSHardwareOneBox.ocfg.LoneBox.B11.M11,O_.POETSHardwareOneBox.ocfg.LoneBox.B11.M12,9
O_.POETSHardwareOneBox.ocfg.LoneBox.B11.M21,O_.POETSHardwareOneBox.ocfg.LoneBox.B11.M20,6
O_.POETSHardwareOneBox.ocfg.LoneBox.B11.M21,O_.POETSHardwareOneBox.ocfg.LoneBox.B11.M11,24
O_.POETSHardwareOneBox.ocfg.LoneBox.B11.M21,O_.POETSHardwareOneBox.ocfg.LoneBox.B11.M31,12
O_.POETSHardwareOneBox.ocfg.LoneBox.B11.M21,O_.POETSHardwareOneBox.ocfg.LoneBox.B11.M22,5
O_.POETSHardwareOneBox.ocfg.LoneBox.B11.M21,O_.POETSHardwareOneBox.ocfg.LoneBox.B21.M01,6
O_.POETSHardwareOneBox.ocfg.LoneBox.B11.M21,O_.POETSHardwareOneBox.ocfg.LoneBox.B21.M02,2
O_.POETSHardwareOneBox.ocfg.LoneBox.B11.M31,O_.POETSHardwareOneBox.ocfg.LoneBox.B11.M30,3
O_.POETSHardwareOneBox.ocfg.LoneBox.B11.M31,O_.POETSHardwareOneBox.ocfg.LoneBox.B11.M21,12
O_.POETSHardwareOneBox.ocfg.LoneBox.B11.M31,O_.POETSHardwareOneBox.ocfg.LoneBox.B11.M32,3
O_.POETSHardwareOneBox.ocfg.LoneBox.B11.M31,O_.POETSHardwareOneBox.ocfg.LoneBox.B21.M11,6
O_.POETSHardwareOneBox.ocfg.LoneBox.B11.M31,O_.POETSHardwareOneBox.ocfg.LoneBox.B21.M12,2
O_.POETSHardwareOneBox.ocfg.LoneBox.B11.M02,O_.POETSHardwareOneBox.ocfg.LoneBox.B01.M21,3
O_.POETSHardwareOneBox.ocfg.LoneBox.B11.M02,O_.POETSHardwareOneBox.ocfg.LoneBox.B01.M22,9
O_.POETSHardwareOneBox.ocfg.LoneBox.B11.M02,O_.POETSHardwareOneBox.ocfg.LoneBox.B11.M01,12
O_.POETSHardwareOneBox.ocfg.LoneBox.B11.M02,O_.POETSHardwareOneBox.ocfg.LoneBox.B11.M12,12
O_.POETSHardwareOneBox.ocfg.LoneBox.B11.M02,O_.POETSHardwareOneBox.ocfg.LoneBox.B11.M03,12
O_.POETSHardwareOneBox.ocfg.LoneBox.B11.M12,O_.POETSHardwareOneBox.ocfg.LoneBox.B01.M31,3
O_.POETSHardwareOneBox.ocfg.LoneBox.B11.M12,O_.POETSHardwareOneBox.ocfg.LoneBox.B01.M32,9
O_.POETSHardwareOneBox.ocfg.LoneBox.B11.M12,O_.POETSHardwareOneBox.ocfg.LoneBox.B11.M11,9
O_.POETSHardwareOneBox.ocfg.LoneBox.B11.M12,O_.POETSHardwareOneBox.ocfg.LoneBox.B11.M02,12
O_.POETSHardwareOneBox.ocfg.LoneBox.B11.M12,O_.POETSHardwareOneBox.ocfg.LoneBox.B11.M22,24
O_.POETSHardwareOneBox.ocfg.LoneBox.B11.M12,O_.POETSHardwareOneBox.ocfg.LoneBox.B11.M13,9
O_.POETSHardwareOneBox.ocfg.LoneBox.B11.M22,O_.POETSHardwareOneBox.ocfg.LoneBox.B11.M21,5
O_.POETSHardwareOneBox.ocfg.LoneBox.B11.M22,O_.POETSHardwareOneBox.ocfg.LoneBox.B11.M12,24
O_.POETSHardwareOneBox.ocfg.LoneBox.B11.M22,O_.POETSHardwareOneBox.ocfg.LoneBox.B11.M32,12
O_.POETSHardwareOneBox.ocfg.LoneBox.B11.M22,O_.POETSHardwareOneBox.ocfg.LoneBox.B11.M23,6
O_.POETSHardwareOneBox.ocfg.LoneBox.B11.M22,O_.POETSHardwareOneBox.ocfg.LoneBox.B21.M02,6
O_.POETSHardwareOneBox.ocfg.LoneBox.B11.M22,O_.POETSHardwareOneBox.ocfg.LoneBox.B21.M03,2
O_.POETSHardwareOneBox.ocfg.LoneBox.B11.M32,O_.POETSHardwareOneBox.ocfg.LoneBox.B11.M31,3
O_.POETSHardwareOneBox.ocfg.LoneBox.B11.M32,O_.POETSHardwareOneBox.ocfg.LoneBox.B11.M22,12
O_.POETSHardwareOneBox.ocfg.LoneBox.B11.M32,O_.POETSHardwareOneBox.ocfg.LoneBox.B11.M33,3
O_.POETSHardwareOneBox.ocfg.LoneBox.B11.M32,O_.POETSHardwareOneBox.ocfg.LoneBox.B21.M12,6
O_.POETSHardwareOneBox.ocfg.LoneBox.B11.M32,O_.POETSHardwareOneBox.ocfg.LoneBox.B21.M13,2
O_.POETSHardwareOneBox.ocfg.LoneBox.B11.M03,O_.POETSHardwareOneBox.ocfg.LoneBox.B01.M22,3
O_.POETSHardwareOneBox.ocfg.LoneBox.B11.M03,O_.POETSHardwareOneBox.ocfg.LoneBox.B01.M23,9
O_.POETSHardwareOneBox.ocfg.LoneBox.B11.M03,O_.POETSHardwareOneBox.ocfg.LoneBox.B11.M02,12
O_.POETSHardwareOneBox.ocfg.LoneBox.B11.M03,O_.POETSHardwareOneBox.ocfg.LoneBox.B11.M13,12
O_.POETSHardwareOneBox.ocfg.LoneBox.B11.M13,O_.POETSHardwareOneBox.ocfg.LoneBox.B01.M32,3
O_.POETSHardwareOneBox.ocfg.LoneBox.B11.M13,O_.POETSHardwareOneBox.ocfg.LoneBox.B01.M33,9
O_.POETSHardwareOneBox.ocfg.LoneBox.B11.M13,O_.POETSHardwareOneBox.ocfg.LoneBox.B11.M12,9
O_.POETSHardwareOneBox.ocfg.LoneBox.B11.M13,O_.POETSHardwareOneBox.ocfg.LoneBox.B11.M03,12
O_.POETSHardwareOneBox.ocfg.LoneBox.B11.M13,O_.POETSHardwareOneBox.ocfg.LoneBox.B11.M23,24
O_.POETSHardwareOneBox.ocfg.LoneBox.B11.M13,O_.POETSHardwareOneBox.ocfg.LoneBox.B21.M00,3
O_.POETSHardwareOneBox.ocfg.LoneBox.B11.M23,O_.POETSHardwareOneBox.ocfg.LoneBox.B11.M22,6
O_.POETSHardwareOneBox.ocfg.LoneBox.B11.M23,O_.POETSHardwareOneBox.ocfg.LoneBox.B11.M13,24
O_.POETSHardwareOneBox.ocfg.LoneBox.B11.M23,O_.POETSHardwareOneBox.ocfg.LoneBox.B11.M33,12
O_.POETSHardwareOneBox.ocfg.LoneBox.B11.M23,O_.POETSHardwareOneBox.ocfg.LoneBox.B21.M10,2
O_.POETSHardwareOneBox.ocfg.LoneBox.B11.M23,O_.POETSHardwareOneBox.ocfg.LoneBox.B21.M03,6
O_.POETSHardwareOneBox.ocfg.LoneBox.B11.M33,O_.POETSHardwareOneBox.ocfg.LoneBox.B11.M32,3
O_.POETSHardwareOneBox.ocfg.LoneBox.B11.M33,O_.POETSHardwareOneBox.ocfg.LoneBox.B11.M23,12
O_.POETSHardwareOneBox.ocfg.LoneBox.B11.M33,O_.POETSHardwareOneBox.ocfg.LoneBox.B21.M00,3
O_.POETSHardwareOneBox.ocfg.LoneBox.B11.M33,O_.POETSHardwareOneBox.ocfg.LoneBox.B21.M20,2
O_.POETSHardwareOneBox.ocfg.LoneBox.B11.M33,O_.POETSHardwareOneBox.ocfg.LoneBox.B21.M13,6
O_.POETSHardwareOneBox.ocfg.LoneBox.B21.M00,O_.POETSHardwareOneBox.ocfg.LoneBox.B11.M20,8
O_.POETSHardwareOneBox.ocfg.LoneBox.B21.M00,O_.POETSHardwareOneBox.ocfg.LoneBox.B11.M13,3
O_.POETSHardwareOneBox.ocfg.LoneBox.B21.M00,O_.POETSHardwareOneBox.ocfg.LoneBox.B11.M33,3
O_.POETSHardwareOneBox.ocfg.LoneBox.B21.M00,O_.POETSHardwareOneBox.ocfg.LoneBox.B21.M10,10
O_.POETSHardwareOneBox.ocfg.LoneBox.B21.M00,O_.POETSHardwareOneBox.ocfg.LoneBox.B21.M01,8
O_.POETSHardwareOneBox.ocfg.LoneBox.B21.M10,O_.POETSHardwareOneBox.ocfg.LoneBox.B11.M30,6
O_.POETSHardwareOneBox.ocfg.LoneBox.B21.M10,O_.POETSHardwareOneBox.ocfg.LoneBox.B11.M23,2
O_.POETSHardwareOneBox.ocfg.LoneBox.B21.M10,O_.POETSHardwareOneBox.ocfg.LoneBox.B21.M00,10
O_.POETSHardwareOneBox.ocfg.LoneBox.B21.M10,O_.POETSHardwareOneBox.ocfg.LoneBox.B21.M20,16
O_.POETSHardwareOneBox.ocfg.LoneBox.B21.M10,O_.POETSHardwareOneBox.ocfg.LoneBox.B21.M11,6
O_.POETSHardwareOneBox.ocfg.LoneBox.B21.M20,O_.POETSHardwareOneBox.ocfg.LoneBox.B20.M00,8
O_.POETSHardwareOneBox.ocfg.LoneBox.B21.M20,O_.POETSHardwareOneBox.ocfg.LoneBox.B11.M33,2
O_.POETSHardwareOneBox.ocfg.LoneBox.B21.M20,O_.POETSHardwareOneBox.ocfg.LoneBox.B21.M10,16
O_.POETSHardwareOneBox.ocfg.LoneBox.B21.M20,O_.POETSHardwareOneBox.ocfg.LoneBox.B21.M30,10
O_.POETSHardwareOneBox.ocfg.LoneBox.B21.M20,O_.POETSHardwareOneBox.ocfg.LoneBox.B21.M21,4
O_.POETSHardwareOneBox.ocfg.LoneBox.B21.M30,O_.POETSHardwareOneBox.ocfg.LoneBox.B20.M00,8
O_.POETSHardwareOneBox.ocfg.LoneBox.B21.M30,O_.POETSHardwareOneBox.ocfg.LoneBox.B21.M20,10
O_.POETSHardwareOneBox.ocfg.LoneBox.B21.M30,O_.POETSHardwareOneBox.ocfg.LoneBox.B21.M31,2
O_.POETSHardwareOneBox.ocfg.LoneBox.B21.M01,O_.POETSHardwareOneBox.ocfg.LoneBox.B11.M20,2
O_.POETSHardwareOneBox.ocfg.LoneBox.B21.M01,O_.POETSHardwareOneBox.ocfg.LoneBox.B11.M21,6
O_.POETSHardwareOneBox.ocfg.LoneBox.B21.M01,O_.POETSHardwareOneBox.ocfg.LoneBox.B21.M00,9
O_.POETSHardwareOneBox.ocfg.LoneBox.B21.M01,O_.POETSHardwareOneBox.ocfg.LoneBox.B21.M11,8
O_.POETSHardwareOneBox.ocfg.LoneBox.B21.M01,O_.POETSHardwareOneBox.ocfg.LoneBox.B21.M02,8
O_.POETSHardwareOneBox.ocfg.LoneBox.B21.M11,O_.POETSHardwareOneBox.ocfg.LoneBox.B11.M30,2
O_.POETSHardwareOneBox.ocfg.LoneBox.B21.M11,O_.POETSHardwareOneBox.ocfg.LoneBox.B11.M31,6
O_.POETSHardwareOneBox.ocfg.LoneBox.B21.M11,O_.POETSHardwareOneBox.ocfg.LoneBox.B21.M10,6
O_.POETSHardwareOneBox.ocfg.LoneBox.B21.M11,O_.POETSHardwareOneBox.ocfg.LoneBox.B21.M01,8
O_.POETSHardwareOneBox.ocfg.LoneBox.B21.M11,O_.POETSHardwareOneBox.ocfg.LoneBox.B21.M21,16
O_.POETSHardwareOneBox.ocfg.LoneBox.B21.M11,O_.POETSHardwareOneBox.ocfg.LoneBox.B21.M12,6
O_.POETSHardwareOneBox.ocfg.LoneBox.B21.M21,O_.POETSHardwareOneBox.ocfg.LoneBox.B20.M00,8
O_.POETSHardwareOneBox.ocfg.LoneBox.B21.M21,O_.POETSHardwareOneBox.ocfg.LoneBox.B21.M20,4
O_.POETSHardwareOneBox.ocfg.LoneBox.B21.M21,O_.POETSHardwareOneBox.ocfg.LoneBox.B21.M11,16
O_.POETSHardwareOneBox.ocfg.LoneBox.B21.M21,O_.POETSHardwareOneBox.ocfg.LoneBox.B21.M31,8
O_.POETSHardwareOneBox.ocfg.LoneBox.B21.M21,O_.POETSHardwareOneBox.ocfg.LoneBox.B21.M22,4
O_.POETSHardwareOneBox.ocfg.LoneBox.B21.M31,O_.POETSHardwareOneBox.ocfg.LoneBox.B20.M00,8
O_.POETSHardwareOneBox.ocfg.LoneBox.B21.M31,O_.POETSHardwareOneBox.ocfg.LoneBox.B21.M30,2
O_.POETSHardwareOneBox.ocfg.LoneBox.B21.M31,O_.POETSHardwareOneBox.ocfg.LoneBox.B21.M21,8
O_.POETSHardwareOneBox.ocfg.LoneBox.B21.M31,O_.POETSHardwareOneBox.ocfg.LoneBox.B21.M32,1
O_.POETSHardwareOneBox.ocfg.LoneBox.B21.M02,O_.POETSHardwareOneBox.ocfg.LoneBox.B11.M21,2
O_.POETSHardwareOneBox.ocfg.LoneBox.B21.M02,O_.POETSHardwareOneBox.ocfg.LoneBox.B11.M22,6
O_.POETSHardwareOneBox.ocfg.LoneBox.B21.M02,O_.POETSHardwareOneBox.ocfg.LoneBox.B21.M01,9
O_.POETSHardwareOneBox.ocfg.LoneBox.B21.M02,O_.POETSHardwareOneBox.ocfg.LoneBox.B21.M12,8
O_.POETSHardwareOneBox.ocfg.LoneBox.B21.M02,O_.POETSHardwareOneBox.ocfg.LoneBox.B21.M03,8
O_.POETSHardwareOneBox.ocfg.LoneBox.B21.M12,O_.POETSHardwareOneBox.ocfg.LoneBox.B11.M31,2
O_.POETSHardwareOneBox.ocfg.LoneBox.B21.M12,O_.POETSHardwareOneBox.ocfg.LoneBox.B11.M32,6
O_.POETSHardwareOneBox.ocfg.LoneBox.B21.M12,O_.POETSHardwareOneBox.ocfg.LoneBox.B21.M11,6
O_.POETSHardwareOneBox.ocfg.LoneBox.B21.M12,O_.POETSHardwareOneBox.ocfg.LoneBox.B21.M02,8
O_.POETSHardwareOneBox.ocfg.LoneBox.B21.M12,O_.POETSHardwareOneBox.ocfg.LoneBox.B21.M22,16
O_.POETSHardwareOneBox.ocfg.LoneBox.B21.M12,O_.POETSHardwareOneBox.ocfg.LoneBox.B21.M13,6
O_.POETSHardwareOneBox.ocfg.LoneBox.B21.M22,O_.POETSHardwareOneBox.ocfg.LoneBox.B20.M00,8
O_.POETSHardwareOneBox.ocfg.LoneBox.B21.M22,O_.POETSHardwareOneBox.ocfg.LoneBox.B21.M21,4
O_.POETSHardwareOneBox.ocfg.LoneBox.B21.M22,O_.POETSHardwareOneBox.ocfg.LoneBox.B21.M12,16
O_.POETSHardwareOneBox.ocfg.LoneBox.B21.M22,O_.POETSHardwareOneBox.ocfg.LoneBox.B21.M32,8
O_.POETSHardwareOneBox.ocfg.LoneBox.B21.M22,O_.POETSHardwareOneBox.ocfg.LoneBox.B21.M23,4
O_.POETSHardwareOneBox.ocfg.LoneBox.B21.M32,O_.POETSHardwareOneBox.ocfg.LoneBox.B20.M00,8
O_.POETSHardwareOneBox.ocfg.LoneBox.B21.M32,O_.POETSHardwareOneBox.ocfg.LoneBox.B21.M31,1
O_.POETSHardwareOneBox.ocfg.LoneBox.B21.M32,O_.POETSHardwareOneBox.ocfg.LoneBox.B21.M22,8
O_.POETSHardwareOneBox.ocfg.LoneBox.B21.M32,O_.POETSHardwareOneBox.ocfg.LoneBox.B21.M33,2
O_.POETSHardwareOneBox.ocfg.LoneBox.B21.M03,O_.POETSHardwareOneBox.ocfg.LoneBox.B11.M22,2
O_.POETSHardwareOneBox.ocfg.LoneBox.B21.M03,O_.POETSHardwareOneBox.ocfg.LoneBox.B11.M23,6
O_.POETSHardwareOneBox.ocfg.LoneBox.B21.M03,O_.POETSHardwareOneBox.ocfg.LoneBox.B21.M02,9
O_.POETSHardwareOneBox.ocfg.LoneBox.B21.M03,O_.POETSHardwareOneBox.ocfg.LoneBox.B21.M13,8
O_.POETSHardwareOneBox.ocfg.LoneBox.B21.M13,O_.POETSHardwareOneBox.ocfg.LoneBox.B20.M00,6
O_.POETSHardwareOneBox.ocfg.LoneBox.B21.M13,O_.POETSHardwareOneBox.ocfg.LoneBox.B11.M32,2
O_.POETSHardwareOneBox.ocfg.LoneBox.B21.M13,O_.POETSHardwareOneBox.ocfg.LoneBox.B11.M33,6
O_.POETSHardwareOneBox.ocfg.LoneBox.B21.M13,O_.POETSHardwareOneBox.ocfg.LoneBox.B21.M12,6
O_.POETSHardwareOneBox.ocfg.LoneBox.B21.M13,O_.POETSHardwareOneBox.ocfg.LoneBox.B21.M03,9
O_.POETSHardwareOneBox.ocfg.LoneBox.B21.M13,O_.POETSHardwareOneBox.ocfg.LoneBox.B21.M23,12
O_.POETSHardwareOneBox.ocfg.LoneBox.B21.M23,O_.POETSHardwareOneBox.ocfg.LoneBox.B20.M00,8
O_.POETSHardwareOneBox.ocfg.LoneBox.B21.M23,O_.POETSHardwareOneBox.ocfg.LoneBox.B21.M22,4
O_.POETSHardwareOneBox.ocfg.LoneBox.B21.M23,O_.POETSHardwareOneBox.ocfg.LoneBox.B21.M13,13
O_.POETSHardwareOneBox.ocfg.LoneBox.B21.M23,O_.POETSHardwareOneBox.ocfg.LoneBox.B21.M33,4
O_.POETSHardwareOneBox.ocfg.LoneBox.B21.M33,O_.POETSHardwareOneBox.ocfg.LoneBox.B20.M00,8
O_.POETSHardwareOneBox.ocfg.LoneBox.B21.M33,O_.POETSHardwareOneBox.ocfg.LoneBox.B11.M20,1
O_.POETSHardwareOneBox.ocfg.LoneBox.B21.M33,O_.POETSHardwareOneBox.ocfg.LoneBox.B21.M32,2
O_.POETSHardwareOneBox.ocfg.LoneBox.B21.M33,O_.POETSHardwareOneBox.ocfg.LoneBox.B21.M23,5
